file,energy_V_ns
C1_00000.trc,3.6823268430294602
C1_00001.trc,4.090765521174179
C1_00002.trc,3.188971192269008
C1_00003.trc,3.1656489251421513
C1_00004.trc,3.317542664891426
C1_00005.trc,3.1835891306243456
C1_00006.trc,3.5679081991763315
C1_00007.trc,3.456878260803164
C1_00008.trc,3.117409705956677
C1_00009.trc,3.4811972060123697
C1_00010.trc,3.393888205999001
C1_00011.trc,4.324586199292165
C1_00012.trc,3.670167370424858
C1_00013.trc,3.103655548420326
C1_00014.trc,3.36139650051458
C1_00015.trc,3.341662274484161
C1_00016.trc,3.578074315616241
C1_00017.trc,3.173423014184433
C1_00018.trc,3.697675685497568
C1_00019.trc,3.266114075842456
C1_00020.trc,3.0478415758090476
C1_00021.trc,3.2402004457015066
C1_00022.trc,3.316545986809081
C1_00023.trc,3.3430576237994405
C1_00024.trc,3.375748664900337
C1_00025.trc,3.227442966247497
C1_00026.trc,3.2419944662497278
C1_00027.trc,3.8224597814070775
C1_00028.trc,3.3729579662697726
C1_00029.trc,3.2852502950234723
C1_00030.trc,3.0906987333498463
C1_00031.trc,3.4504995210761655
C1_00032.trc,3.1855824867890306
C1_00033.trc,3.33448619229128
C1_00034.trc,3.3482403498276345
C1_00035.trc,3.2405991169344377
C1_00036.trc,2.9760807538802507
C1_00037.trc,3.186379829254907
C1_00038.trc,3.4415294183350635
C1_00039.trc,3.6259148635687724
C1_00040.trc,3.286844979955219
C1_00041.trc,3.8101009731860085
C1_00042.trc,3.409037712850639
C1_00043.trc,3.386911459422592
C1_00044.trc,4.061064514320319
C1_00045.trc,3.2190708703558
C1_00046.trc,3.28704431557169
C1_00047.trc,3.56412082246342
C1_00048.trc,3.1995359799418557
C1_00049.trc,3.4518948703914516
C1_00050.trc,3.383323418326155
C1_00051.trc,3.2569446374848923
C1_00052.trc,3.4353500142245337
C1_00053.trc,3.4977420621792814
C1_00054.trc,3.257741979950765
C1_00055.trc,3.465449692311328
C1_00056.trc,3.3751506580509334
C1_00057.trc,3.3418616101006293
C1_00058.trc,3.2306323361109985
C1_00059.trc,3.4102337265494507
C1_00060.trc,3.164054240210396
C1_00061.trc,3.0807319525264054
C1_00062.trc,3.387310130655533
C1_00063.trc,3.4190044936740804
C1_00064.trc,3.3334895142089374
C1_00065.trc,3.7941541238684957
C1_00066.trc,3.3099679114656118
C1_00067.trc,3.453290219706731
C1_00068.trc,3.358207130651077
C1_00069.trc,3.233622370358033
C1_00070.trc,3.118207048422556
C1_00071.trc,3.1068449182838256
C1_00072.trc,2.939203664833511
C1_00073.trc,3.516678945743827
C1_00074.trc,3.8726923567572347
C1_00075.trc,3.503323459440413
C1_00076.trc,3.7223933019397077
C1_00077.trc,3.372957966269773
C1_00078.trc,3.2453831717296957
C1_00079.trc,3.3697685964062725
C1_00080.trc,3.4768118224500553
C1_00081.trc,3.1893698635019403
C1_00082.trc,3.2695027813224264
C1_00083.trc,3.5972105347972527
C1_00084.trc,3.514286918346203
C1_00085.trc,3.8531574663432853
C1_00086.trc,3.423389877236397
C1_00087.trc,3.181795110076126
C1_00088.trc,3.2286389799463127
C1_00089.trc,3.897609308815841
C1_00090.trc,3.3960808977801653
C1_00091.trc,3.380931390928527
C1_00092.trc,3.284452952557591
C1_00093.trc,3.296811760778666
C1_00094.trc,3.233821705974501
C1_00095.trc,3.5296357608143043
C1_00096.trc,3.3765460073662155
C1_00097.trc,3.3741539799685825
C1_00098.trc,3.378140692297965
C1_00099.trc,3.242991144332072
C1_00100.trc,3.423389877236396
C1_00101.trc,3.159868192264547
C1_00102.trc,3.2238549251510618
C1_00103.trc,3.1903665415842886
C1_00104.trc,3.489967973136995
C1_00105.trc,3.4016622950412905
C1_00106.trc,3.428771938881057
C1_00107.trc,3.4983400690286937
C1_00108.trc,3.840798658122215
C1_00109.trc,4.306845329426439
C1_00110.trc,3.2188715347393355
C1_00111.trc,3.8826591375806743
C1_00112.trc,3.920134233476825
C1_00113.trc,3.1006655141732957
C1_00114.trc,3.0468448977267
C1_00115.trc,3.3787386991473705
C1_00116.trc,3.2382070895368185
C1_00117.trc,3.138140610069443
C1_00118.trc,3.210300103231175
C1_00119.trc,3.2489712128261354
C1_00120.trc,3.0029910621035483
C1_00121.trc,3.387509466272002
C1_00122.trc,3.388705479970814
C1_00123.trc,3.6344862950769334
C1_00124.trc,3.597409870413716
C1_00125.trc,3.3185393429737733
C1_00126.trc,3.238007753920346
C1_00127.trc,3.2015293361065433
C1_00128.trc,3.172227000485618
C1_00129.trc,3.422791870386993
C1_00130.trc,3.448306829295004
C1_00131.trc,3.4714297608053943
C1_00132.trc,3.392492856683721
C1_00133.trc,3.3566124457193265
C1_00134.trc,3.4188051580576153
C1_00135.trc,3.319934692289056
C1_00136.trc,3.7363467950925227
C1_00137.trc,3.3484396854441005
C1_00138.trc,3.638871678639246
C1_00139.trc,3.3924928566837202
C1_00140.trc,3.3358815416065632
C1_00141.trc,3.127177151163655
C1_00142.trc,3.3901008292860957
C1_00143.trc,3.0663797881406505
C1_00144.trc,3.5192703087579247
C1_00145.trc,3.34405430188179
C1_00146.trc,3.0906987333498472
C1_00147.trc,3.5244530347861134
C1_00148.trc,3.3677752402415826
C1_00149.trc,3.6478417813803476
C1_00150.trc,3.214486151177022
C1_00151.trc,3.2493698840590746
C1_00152.trc,3.2996024594092273
C1_00153.trc,3.234021041590972
C1_00154.trc,3.2204662196710867
C1_00155.trc,3.2035226922712345
C1_00156.trc,3.320732034754929
C1_00157.trc,3.295017740230443
C1_00158.trc,3.3568117813358
C1_00159.trc,3.08212730184169
C1_00160.trc,4.066845247197914
C1_00161.trc,3.1796024182949676
C1_00162.trc,3.0807319525264107
C1_00163.trc,3.1506987539069793
C1_00164.trc,3.6009979115101585
C1_00165.trc,3.2394031032356296
C1_00166.trc,3.229436322412183
C1_00167.trc,3.113622329243769
C1_00168.trc,3.224452932000462
C1_00169.trc,3.350233705992321
C1_00170.trc,3.2657154046095194
C1_00171.trc,3.1977419593936363
C1_00172.trc,3.696280336182282
C1_00173.trc,3.3291041306466167
C1_00174.trc,3.352426397773478
C1_00175.trc,3.433555993676311
C1_00176.trc,3.434552671758653
C1_00177.trc,4.061463185553253
C1_00178.trc,3.3213300416043348
C1_00179.trc,3.1405326374670675
C1_00180.trc,3.305183856670358
C1_00181.trc,3.630898253980491
C1_00182.trc,3.095682123761571
C1_00183.trc,3.628705562199334
C1_00184.trc,3.4265792470998995
C1_00185.trc,3.239403103235632
C1_00186.trc,3.2830576032423147
C1_00187.trc,3.3099679114656095
C1_00188.trc,3.3681739114745213
C1_00189.trc,3.2874429868046247
C1_00190.trc,3.4847852471088085
C1_00191.trc,3.3805327196955917
C1_00192.trc,3.4335559936763076
C1_00193.trc,3.3753499936673963
C1_00194.trc,3.426579247099899
C1_00195.trc,3.5547520484893798
C1_00196.trc,3.2860476374893484
C1_00197.trc,3.4253832334010847
C1_00198.trc,3.4945526923157852
C1_00199.trc,3.4275759251822424
C1_00200.trc,3.3655825484604223
C1_00201.trc,3.1845858087066907
C1_00202.trc,3.7923601033202767
C1_00203.trc,3.4415294183350635
C1_00204.trc,3.543788589583598
C1_00205.trc,3.2330243635086258
C1_00206.trc,3.3875094662720038
C1_00207.trc,3.1602668634974864
C1_00208.trc,3.1734230141844306
C1_00209.trc,3.2314296785768715
C1_00210.trc,2.8933564730456722
C1_00211.trc,3.1746190278832485
C1_00212.trc,3.091695411432197
C1_00213.trc,3.796745486882596
C1_00214.trc,3.259536000498984
C1_00215.trc,3.34644632927941
C1_00216.trc,3.1305658566436234
C1_00217.trc,3.822459781407078
C1_00218.trc,4.243057932156396
C1_00219.trc,3.2880409936540342
C1_00220.trc,3.349436363526444
C1_00221.trc,3.4682403909418964
C1_00222.trc,3.4359480210739335
C1_00223.trc,3.310366582698549
C1_00224.trc,2.9990043497741716
C1_00225.trc,3.678738801933021
C1_00226.trc,3.230233664878061
C1_00227.trc,3.5039214662898193
C1_00228.trc,2.9581405483980507
C1_00229.trc,3.420001171756427
C1_00230.trc,3.268705438856548
C1_00231.trc,3.435549349840998
C1_00232.trc,3.356612445719325
C1_00233.trc,3.1644529114433353
C1_00234.trc,3.313555952562048
C1_00235.trc,3.095084116912166
C1_00236.trc,3.1407319730835397
C1_00237.trc,3.767044480028728
C1_00238.trc,3.4985394046451663
C1_00239.trc,3.331894829277183
C1_00240.trc,3.2790708909129367
C1_00241.trc,3.481396541628841
C1_00242.trc,3.5790709936985894
C1_00243.trc,3.3685725827074564
C1_00244.trc,3.227044295014556
C1_00245.trc,3.265117397760111
C1_00246.trc,3.1827917881584673
C1_00247.trc,3.3428582881829687
C1_00248.trc,3.454685569022011
C1_00249.trc,3.224452932000465
C1_00250.trc,3.5609314525999194
C1_00251.trc,3.4574762676525737
C1_00252.trc,3.480599199162965
C1_00253.trc,3.3853167744908443
C1_00254.trc,3.391695514217846
C1_00255.trc,3.253954603237852
C1_00256.trc,3.396080897780159
C1_00257.trc,3.2033233566547583
C1_00258.trc,3.6061806375383494
C1_00259.trc,3.4590709525843244
C1_00260.trc,3.760267069068786
C1_00261.trc,3.7038550896080995
C1_00262.trc,3.481396541628837
C1_00263.trc,3.3707652744886127
C1_00264.trc,3.50930352793448
C1_00265.trc,3.319934692289053
C1_00266.trc,3.2659147402259885
C1_00267.trc,3.5033234594404137
C1_00268.trc,3.4172104731258606
C1_00269.trc,3.3191373498231838
C1_00270.trc,3.46425367861252
C1_00271.trc,3.4594696238172613
C1_00272.trc,3.424386555318743
C1_00273.trc,3.509502863550951
C1_00274.trc,3.2407984525509126
C1_00275.trc,2.9780741100449375
C1_00276.trc,3.278472884063529
C1_00277.trc,3.166047596375087
C1_00278.trc,3.5431905827341867
C1_00279.trc,3.506114158070983
C1_00280.trc,3.585051062192651
C1_00281.trc,3.9442538430695593
C1_00282.trc,3.4813965416288424
C1_00283.trc,2.961130582645084
C1_00284.trc,3.572094247122177
C1_00285.trc,3.31335661694558
C1_00286.trc,3.1405326374670715
C1_00287.trc,3.3906988361355017
C1_00288.trc,3.5152835964285467
C1_00289.trc,3.4614629799819516
C1_00290.trc,4.061263849936784
C1_00291.trc,3.754685671807664
C1_00292.trc,3.367376569008645
C1_00293.trc,3.2160808361087705
C1_00294.trc,3.466845041626612
C1_00295.trc,3.4207985142223056
C1_00296.trc,3.606977980004229
C1_00297.trc,3.3673765690086457
C1_00298.trc,3.2794695621458736
C1_00299.trc,3.5447852676659424
C1_00300.trc,3.0299013703268445
C1_00301.trc,3.633888288227525
C1_00302.trc,3.444718788198564
C1_00303.trc,3.360599158048705
C1_00304.trc,3.517077616976768
C1_00305.trc,3.3476423429782254
C1_00306.trc,3.4205991786058343
C1_00307.trc,3.213888144327611
C1_00308.trc,3.8972106375829023
C1_00309.trc,3.5009314320427896
C1_00310.trc,3.017941233338714
C1_00311.trc,3.4648516854619262
C1_00312.trc,3.538406527938938
C1_00313.trc,3.2746855073506156
C1_00314.trc,3.414619110111767
C1_00315.trc,3.326313432016057
C1_00316.trc,3.217077514191115
C1_00317.trc,3.588439767672621
C1_00318.trc,3.2358150621391877
C1_00319.trc,3.1564794867845793
C1_00320.trc,3.6249181854864254
C1_00321.trc,3.295217075846913
C1_00322.trc,3.045848219644359
C1_00323.trc,3.2677087607742106
C1_00324.trc,3.5900344526043755
C1_00325.trc,3.6249181854864254
C1_00326.trc,3.513290240263858
C1_00327.trc,3.643855069050973
C1_00328.trc,3.272293479952991
C1_00329.trc,3.4823932197111844
C1_00330.trc,2.997010993609485
C1_00331.trc,3.349237027909978
C1_00332.trc,3.33448619229128
C1_00333.trc,3.4752171375183014
C1_00334.trc,3.180200425144372
C1_00335.trc,3.2152834936428984
C1_00336.trc,3.556745404654075
C1_00337.trc,3.25714397310136
C1_00338.trc,3.380134048462657
C1_00339.trc,3.7106325005680385
C1_00340.trc,3.947044541700124
C1_00341.trc,3.1524927744552054
C1_00342.trc,3.3940875416154737
C1_00343.trc,3.831031212915245
C1_00344.trc,3.2033233566547636
C1_00345.trc,3.447110815596194
C1_00346.trc,3.276080856665903
C1_00347.trc,2.9411970209982004
C1_00348.trc,4.315815432167537
C1_00349.trc,3.4887719594381874
C1_00350.trc,3.569502884108078
C1_00351.trc,3.4307652950457457
C1_00352.trc,3.3809313909285246
C1_00353.trc,3.32033336352199
C1_00354.trc,3.2998017950256973
C1_00355.trc,3.5956158498655055
C1_00356.trc,3.113622329243771
C1_00357.trc,3.7708318567416415
C1_00358.trc,3.3239214046184324
C1_00359.trc,3.7883733909909028
C1_00360.trc,3.471828432038332
C1_00361.trc,3.276280192282372
C1_00362.trc,3.34744300736176
C1_00363.trc,3.166246931991553
C1_00364.trc,3.1285725004789393
C1_00365.trc,3.3552170964040458
C1_00366.trc,4.03594822664524
C1_00367.trc,2.9850508566213474
C1_00368.trc,3.0857153429381277
C1_00369.trc,3.3291041306466225
C1_00370.trc,3.4497021786102895
C1_00371.trc,3.3950842196978157
C1_00372.trc,3.2766788635153095
C1_00373.trc,3.456878260803169
C1_00374.trc,3.61535007589592
C1_00375.trc,3.5549513841058555
C1_00376.trc,3.5057154868380427
C1_00377.trc,3.2675094251577415
C1_00378.trc,3.3771440142156237
C1_00379.trc,3.6827255142623985
C1_00380.trc,3.1714296580197416
C1_00381.trc,3.429569281346934
C1_00382.trc,3.4066456854530114
C1_00383.trc,3.2051173772029844
C1_00384.trc,3.3667785621592397
C1_00385.trc,3.246379849812035
C1_00386.trc,3.4445194525820977
C1_00387.trc,3.8132903430495126
C1_00388.trc,3.4746191306689007
C1_00389.trc,3.7863800348262093
C1_00390.trc,3.727576027967893
C1_00391.trc,3.3181406717408324
C1_00392.trc,3.266712082691866
C1_00393.trc,3.3970775758625056
C1_00394.trc,3.2986057813268865
C1_00395.trc,3.39249285668372
C1_00396.trc,3.320732034754927
C1_00397.trc,3.3049845210538855
C1_00398.trc,3.521463000539084
C1_00399.trc,3.4514961991585063
C1_00400.trc,3.2013300004900733
C1_00401.trc,3.3857154457237786
C1_00402.trc,3.3637885279122073
C1_00403.trc,3.4835892334099974
C1_00404.trc,3.556546069037606
C1_00405.trc,3.575283616985678
C1_00406.trc,3.585051062192651
C1_00407.trc,3.628306890966403
C1_00408.trc,3.573090925204522
C1_00409.trc,3.035881438820909
C1_00410.trc,3.266313411458932
C1_00411.trc,3.1255824662319043
C1_00412.trc,3.420599178605833
C1_00413.trc,3.287243651188154
C1_00414.trc,3.41581512381058
C1_00415.trc,3.2077087402170807
C1_00416.trc,3.1026588703379847
C1_00417.trc,3.401462959424824
C1_00418.trc,3.3735559731191804
C1_00419.trc,3.0512302812890146
C1_00420.trc,3.3942868772319432
C1_00421.trc,3.4578749388855092
C1_00422.trc,3.4973433909463454
C1_00423.trc,3.0189379114210535
C1_00424.trc,3.375948000516805
C1_00425.trc,3.2097020963817675
C1_00426.trc,3.674752089603645
C1_00427.trc,3.3408649320182873
C1_00428.trc,3.581064349863274
C1_00429.trc,3.253954603237859
C1_00430.trc,3.5481739731459117
C1_00431.trc,3.7190045964597367
C1_00432.trc,3.510300206016824
C1_00433.trc,3.199336644325387
C1_00434.trc,3.515084260812078
C1_00435.trc,3.1026588703379785
C1_00436.trc,3.427177253949304
C1_00437.trc,3.6853168772764904
C1_00438.trc,3.496346712864006
C1_00439.trc,3.518472966292047
C1_00440.trc,3.3594031443498897
C1_00441.trc,3.4576756032690428
C1_00442.trc,3.2152834936428953
C1_00443.trc,3.5611307882163876
C1_00444.trc,3.55515071972232
C1_00445.trc,3.2874429868046264
C1_00446.trc,3.3227253909196133
C1_00447.trc,3.061795068961862
C1_00448.trc,3.269702116938901
C1_00449.trc,3.6209314731570497
C1_00450.trc,3.434951342991589
C1_00451.trc,3.4076423635353565
C1_00452.trc,3.4867786032735015
C1_00453.trc,3.133555890890657
C1_00454.trc,3.214685486793492
C1_00455.trc,3.2543532744707937
C1_00456.trc,3.1873765073372535
C1_00457.trc,3.7325594183796174
C1_00458.trc,3.728971377283174
C1_00459.trc,3.3508317128417273
C1_00460.trc,3.5021274457416025
C1_00461.trc,3.5212636649226106
C1_00462.trc,3.1564794867845793
C1_00463.trc,3.1696356374715196
C1_00464.trc,3.1451173566458515
C1_00465.trc,3.413024425180013
C1_00466.trc,3.284253616941128
C1_00467.trc,3.2206655552875514
C1_00468.trc,3.697476349881092
C1_00469.trc,3.3564131101028565
C1_00470.trc,3.347642342978223
C1_00471.trc,3.7594697266029207
C1_00472.trc,3.333688849825401
C1_00473.trc,3.490366644369937
C1_00474.trc,3.773024548522794
C1_00475.trc,3.3767453429826806
C1_00476.trc,3.1973432881606985
C1_00477.trc,3.4742204594359594
C1_00478.trc,3.5296357608143047
C1_00479.trc,3.863124247166727
C1_00480.trc,3.7315627402972735
C1_00481.trc,3.4196025005234896
C1_00482.trc,3.371163945721551
C1_00483.trc,3.342260281333564
C1_00484.trc,3.731562740297272
C1_00485.trc,3.500333425193382
C1_00486.trc,3.3586058018840146
C1_00487.trc,3.240200445701503
C1_00488.trc,3.7030577471422212
C1_00489.trc,3.071761849785311
C1_00490.trc,3.4200011717564283
C1_00491.trc,3.471429760805397
C1_00492.trc,3.2150841580264258
C1_00493.trc,3.376546007366214
C1_00494.trc,3.831828555381113
C1_00495.trc,3.3598018155828266
C1_00496.trc,3.2021273429559525
C1_00497.trc,3.2966124251621913
C1_00498.trc,3.2495692196755437
C1_00499.trc,3.3918948498343164
C1_00500.trc,3.4213965210717086
C1_00501.trc,3.3891041512037527
C1_00502.trc,3.2541539388543215
C1_00503.trc,3.7174099115279846
C1_00504.trc,3.549170651228255
C1_00505.trc,3.0279080141621555
C1_00506.trc,3.2413964594003195
C1_00507.trc,3.119602397737837
C1_00508.trc,3.6576092265873212
C1_00509.trc,3.529237089581372
C1_00510.trc,3.135549247055351
C1_00511.trc,3.5035227950568846
C1_00512.trc,3.1833897950078773
C1_00513.trc,3.248971212826135
C1_00514.trc,3.3562137744863865
C1_00515.trc,3.7560810211229425
C1_00516.trc,3.4504995210761646
C1_00517.trc,3.3215293772208057
C1_00518.trc,3.153489452537542
C1_00519.trc,3.5220610073884933
C1_00520.trc,3.345449651197068
C1_00521.trc,3.5411972265695013
C1_00522.trc,3.48259255532765
C1_00523.trc,3.4387387197045025
C1_00524.trc,3.366180555309829
C1_00525.trc,3.247974534743787
C1_00526.trc,3.27209414433652
C1_00527.trc,3.3837220895590936
C1_00528.trc,3.3301008087289676
C1_00529.trc,3.418805158057613
C1_00530.trc,3.4927586717675627
C1_00531.trc,3.3781406922979667
C1_00532.trc,3.426778582716368
C1_00533.trc,3.3245194114678327
C1_00534.trc,3.4973433909463454
C1_00535.trc,3.3526257333899467
C1_00536.trc,3.1630575621280475
C1_00537.trc,3.13654592513769
C1_00538.trc,3.425981240250495
C1_00539.trc,3.3570111169522603
C1_00540.trc,3.5505660005435393
C1_00541.trc,3.3641871991451415
C1_00542.trc,3.4365460279233435
C1_00543.trc,3.1271771511636532
C1_00544.trc,3.3237220690019633
C1_00545.trc,3.356014438869921
C1_00546.trc,3.053821644303112
C1_00547.trc,3.3217287128372748
C1_00548.trc,3.228240308713375
C1_00549.trc,3.522659014237894
C1_00550.trc,3.256745301868421
C1_00551.trc,3.41561578819411
C1_00552.trc,3.2160808361087696
C1_00553.trc,3.457874938885513
C1_00554.trc,3.1475093840434796
C1_00555.trc,3.379137370380305
C1_00556.trc,3.434552671758655
C1_00557.trc,3.26152935666367
C1_00558.trc,3.3558151032534482
C1_00559.trc,3.3749513224344665
C1_00560.trc,3.217276849807587
C1_00561.trc,3.3669778977757057
C1_00562.trc,3.323722069001965
C1_00563.trc,3.255150616936673
C1_00564.trc,3.482592555327652
C1_00565.trc,3.569901555341017
C1_00566.trc,3.3382735690041856
C1_00567.trc,3.7176092471444497
C1_00568.trc,3.5318284525954624
C1_00569.trc,3.4042536580553824
C1_00570.trc,3.13654592513769
C1_00571.trc,3.075748562114688
C1_00572.trc,3.4441207813491626
C1_00573.trc,3.308971233383268
C1_00574.trc,3.3452503155806017
C1_00575.trc,3.374951322434462
C1_00576.trc,3.4124264183306092
C1_00577.trc,3.4626589936807646
C1_00578.trc,3.5421939046518442
C1_00579.trc,3.4004662813424766
C1_00580.trc,3.361795171747514
C1_00581.trc,3.4188051580576126
C1_00582.trc,3.4223931991540533
C1_00583.trc,3.3914961786013804
C1_00584.trc,3.0209312675857465
C1_00585.trc,3.4317619731280926
C1_00586.trc,3.29422039776457
C1_00587.trc,3.5396025416377515
C1_00588.trc,3.2266456237816197
C1_00589.trc,3.5009314320427896
C1_00590.trc,3.424585890935207
C1_00591.trc,3.680134151248305
C1_00592.trc,3.4556822471043565
C1_00593.trc,3.3944862128484092
C1_00594.trc,3.2631240415954244
C1_00595.trc,3.384320096408503
C1_00596.trc,3.547177295063566
C1_00597.trc,3.4614629799819516
C1_00598.trc,3.1624595552786428
C1_00599.trc,3.3418616101006275
C1_00600.trc,3.265316733376584
C1_00601.trc,4.171895117077011
C1_00602.trc,3.3322935005101213
C1_00603.trc,3.6231241649382033
C1_00604.trc,3.550366664927069
C1_00605.trc,3.528439747115489
C1_00606.trc,3.38192806901087
C1_00607.trc,3.264320055294239
C1_00608.trc,2.945183733327571
C1_00609.trc,3.5091041923180115
C1_00610.trc,3.0697684936206198
C1_00611.trc,3.161263541579832
C1_00612.trc,3.2021273429559516
C1_00613.trc,3.413423096412955
C1_00614.trc,3.51647961012736
C1_00615.trc,3.4516955347749807
C1_00616.trc,3.4020609662742274
C1_00617.trc,3.2844529525575905
C1_00618.trc,3.050831610056078
C1_00619.trc,3.3247187470843054
C1_00620.trc,3.32930346626309
C1_00621.trc,3.4078416991518257
C1_00622.trc,3.4417287539515344
C1_00623.trc,3.2027253498053545
C1_00624.trc,3.4096357197000473
C1_00625.trc,3.602592596441916
C1_00626.trc,3.5762802950680213
C1_00627.trc,3.5246523704025865
C1_00628.trc,3.6558152060391054
C1_00629.trc,3.7957488088002505
C1_00630.trc,3.335084199140688
C1_00631.trc,3.0717618497853056
C1_00632.trc,3.3679745758580504
C1_00633.trc,3.5047188087556984
C1_00634.trc,3.446712144363256
C1_00635.trc,3.376346671749745
C1_00636.trc,3.45149619915851
C1_00637.trc,3.379336705996777
C1_00638.trc,3.4997354183439757
C1_00639.trc,3.5262470553343364
C1_00640.trc,3.4194031649070245
C1_00641.trc,3.344054301881787
C1_00642.trc,3.811496322501291
C1_00643.trc,3.24817387036026
C1_00644.trc,3.5272437334166806
C1_00645.trc,3.4805991991629686
C1_00646.trc,3.328306788180747
C1_00647.trc,3.5003334251933795
C1_00648.trc,3.4034563155895086
C1_00649.trc,3.528639082731961
C1_00650.trc,3.369569260789797
C1_00651.trc,3.218672199122864
C1_00652.trc,3.3251174183172445
C1_00653.trc,3.5806656786303357
C1_00654.trc,3.168439623772708
C1_00655.trc,3.2449845004967575
C1_00656.trc,3.458273610118451
C1_00657.trc,3.358207130651077
C1_00658.trc,3.2834562744752507
C1_00659.trc,3.5252503772519903
C1_00660.trc,3.3681739114745217
C1_00661.trc,3.5210643293061423
C1_00662.trc,3.3841207607920314
C1_00663.trc,3.4895693019040617
C1_00664.trc,3.999071137598496
C1_00665.trc,3.341064267634753
C1_00666.trc,3.3837220895590905
C1_00667.trc,3.262326699129548
C1_00668.trc,3.3364795484559724
C1_00669.trc,3.307575884067979
C1_00670.trc,3.714021206048013
C1_00671.trc,3.4375427060056856
C1_00672.trc,3.1435226717141016
C1_00673.trc,3.6811308293306517
C1_00674.trc,3.6386723430227756
C1_00675.trc,3.528041075882554
C1_00676.trc,3.638074336173373
C1_00677.trc,3.403854986822445
C1_00678.trc,3.775217240303954
C1_00679.trc,3.3661805553098323
C1_00680.trc,3.541197226569503
C1_00681.trc,3.293024384065757
C1_00682.trc,3.3472436717452902
C1_00683.trc,3.3197353566725853
C1_00684.trc,3.4313633018951495
C1_00685.trc,3.276280192282372
C1_00686.trc,4.053290425278033
C1_00687.trc,3.4863799320405606
C1_00688.trc,3.2922270415998813
C1_00689.trc,3.3153499731102705
C1_00690.trc,3.427376589565771
C1_00691.trc,3.404054322438916
C1_00692.trc,3.4506988566926315
C1_00693.trc,3.0916954114321977
C1_00694.trc,3.363190521062797
C1_00695.trc,3.3247187470843045
C1_00696.trc,3.562924808764607
C1_00697.trc,3.284851623790531
C1_00698.trc,3.523655692320239
C1_00699.trc,3.3592038087334206
C1_00700.trc,3.2186721991228677
C1_00701.trc,3.2228582470687135
C1_00702.trc,3.318738678590241
C1_00703.trc,3.3619945073639874
C1_00704.trc,3.569303548491614
C1_00705.trc,3.6992703704293177
C1_00706.trc,3.530632438896651
C1_00707.trc,3.3135559525620497
C1_00708.trc,3.519668979990861
C1_00709.trc,3.529037753964899
C1_00710.trc,4.168307075980569
C1_00711.trc,3.2417951306332564
C1_00712.trc,3.5099015347838867
C1_00713.trc,3.742127527970122
C1_00714.trc,3.4477088224456
C1_00715.trc,3.38770880188847
C1_00716.trc,3.6209314731570528
C1_00717.trc,3.184585808706691
C1_00718.trc,3.3189380142067098
C1_00719.trc,3.390499500519037
C1_00720.trc,3.5613301238328567
C1_00721.trc,3.359203808733427
C1_00722.trc,3.4768118224500513
C1_00723.trc,3.589037774522028
C1_00724.trc,3.5356158293083713
C1_00725.trc,3.7512969663276934
C1_00726.trc,3.3566124457193256
C1_00727.trc,3.469835075873643
C1_00728.trc,3.183190459391407
C1_00729.trc,3.4811972060123715
C1_00730.trc,3.472625774504208
C1_00731.trc,3.4774098292994595
C1_00732.trc,3.4259812402504974
C1_00733.trc,3.274486171734149
C1_00734.trc,3.459469623817263
C1_00735.trc,3.385715445723781
C1_00736.trc,3.3095692402326726
C1_00737.trc,3.43754270600569
C1_00738.trc,3.32033336352199
C1_00739.trc,3.555150719722322
C1_00740.trc,3.3043865142044835
C1_00741.trc,3.453489555323195
C1_00742.trc,3.2314296785768732
C1_00743.trc,3.3799347128461843
C1_00744.trc,3.5677088635598624
C1_00745.trc,3.5595361032846338
C1_00746.trc,3.779203952633334
C1_00747.trc,3.4514961991585063
C1_00748.trc,3.140532637467069
C1_00749.trc,3.426977918332838
C1_00750.trc,4.706313904830055
C1_00751.trc,3.4090377128506395
C1_00752.trc,3.4845859114923394
C1_00753.trc,3.3572104525687325
C1_00754.trc,3.4989380758780984
C1_00755.trc,3.3643865347616155
C1_00756.trc,3.3887054799708136
C1_00757.trc,3.538007856706
C1_00758.trc,3.4602669662831382
C1_00759.trc,3.4427254320338756
C1_00760.trc,3.3135559525620515
C1_00761.trc,3.4309646306622166
C1_00762.trc,3.4190044936740813
C1_00763.trc,3.5376091854730602
C1_00764.trc,3.491163986835811
C1_00765.trc,3.4676423840924855
C1_00766.trc,3.4993367471110357
C1_00767.trc,3.5037221306733595
C1_00768.trc,3.6470444389144716
C1_00769.trc,3.43156263751162
C1_00770.trc,3.312758610096174
C1_00771.trc,3.522260343004957
C1_00772.trc,4.125051247206833
C1_00773.trc,3.6109646923336065
C1_00774.trc,3.467443048476015
C1_00775.trc,3.3199346922890567
C1_00776.trc,3.582459699178556
C1_00777.trc,3.334486192291281
C1_00778.trc,3.4670443772430803
C1_00779.trc,3.409835055316515
C1_00780.trc,3.3281074525642746
C1_00781.trc,3.3737553087356473
C1_00782.trc,3.4670443772430817
C1_00783.trc,3.857941521138539
C1_00784.trc,3.0996688360909497
C1_00785.trc,3.2073100689841425
C1_00786.trc,3.3996689388766024
C1_00787.trc,3.207110733367672
C1_00788.trc,3.5039214662898224
C1_00789.trc,3.212891466245269
C1_00790.trc,3.3089712333832644
C1_00791.trc,3.2617286922801485
C1_00792.trc,3.3279081169478077
C1_00793.trc,3.4700344114901163
C1_00794.trc,3.1638549045939284
C1_00795.trc,3.3988715964107254
C1_00796.trc,3.856546171823253
C1_00797.trc,3.3171439936584903
C1_00798.trc,3.144519349796443
C1_00799.trc,3.6013965827430994
C1_00800.trc,3.7939547882520275
C1_00801.trc,3.4124264183306097
C1_00802.trc,3.350632377225259
C1_00803.trc,3.38232674024381
C1_00804.trc,3.449502842993821
C1_00805.trc,3.436147356690406
C1_00806.trc,3.6468451032980025
C1_00807.trc,3.352825069006416
C1_00808.trc,3.0299013703268463
C1_00809.trc,3.218672199122869
C1_00810.trc,3.3189380142067133
C1_00811.trc,3.1570774936339845
C1_00812.trc,3.3891041512037487
C1_00813.trc,3.260134007348392
C1_00814.trc,3.244386493647353
C1_00815.trc,2.9840541785390053
C1_00816.trc,3.317343329274956
C1_00817.trc,3.352625733389944
C1_00818.trc,3.619735459458235
C1_00819.trc,3.259137329266044
C1_00820.trc,3.699868377278724
C1_00821.trc,3.5053168156051027
C1_00822.trc,3.422991206003462
C1_00823.trc,3.251163904607289
C1_00824.trc,3.253157260771985
C1_00825.trc,3.4734231169700873
C1_00826.trc,3.511695555332106
C1_00827.trc,3.4835892334099974
C1_00828.trc,3.5728915895880524
C1_00829.trc,3.3588051375004784
C1_00830.trc,3.2641207196777664
C1_00831.trc,3.1732236785679633
C1_00832.trc,3.291230363517532
C1_00833.trc,3.3237220690019598
C1_00834.trc,3.393888205999004
C1_00835.trc,3.4407320758691866
C1_00836.trc,2.9262468497630327
C1_00837.trc,3.2756821854329643
C1_00838.trc,3.271695473103586
C1_00839.trc,3.302991164889195
C1_00840.trc,3.548572644378848
C1_00841.trc,3.517077616976767
C1_00842.trc,3.0448515415620134
C1_00843.trc,3.199934651174793
C1_00844.trc,3.7405328430383724
C1_00845.trc,3.5272437334166833
C1_00846.trc,3.6043866169901326
C1_00847.trc,3.6645859731637316
C1_00848.trc,3.421595856688179
C1_00849.trc,3.6974763498810934
C1_00850.trc,3.769237171809891
C1_00851.trc,3.3687719183239286
C1_00852.trc,3.224452932000462
C1_00853.trc,3.296014418312788
C1_00854.trc,3.42099784983877
C1_00855.trc,3.4702337471065796
C1_00856.trc,4.143390123921964
C1_00857.trc,3.164452911443331
C1_00858.trc,3.189569199118408
C1_00859.trc,3.2559479594025453
C1_00860.trc,3.355815103253451
C1_00861.trc,3.739137493723094
C1_00862.trc,3.8591375348373473
C1_00863.trc,3.370765274488619
C1_00864.trc,3.013954521009337
C1_00865.trc,3.236612404605066
C1_00866.trc,3.877277075936018
C1_00867.trc,3.2172768498075834
C1_00868.trc,3.1455160278787906
C1_00869.trc,3.3460476580464795
C1_00870.trc,3.443323438883283
C1_00871.trc,3.2128914662452663
C1_00872.trc,3.3889048155872827
C1_00873.trc,3.467841719708953
C1_00874.trc,3.953821952660064
C1_00875.trc,3.361396500514583
C1_00876.trc,3.3705659388721463
C1_00877.trc,3.4528915484737936
C1_00878.trc,3.326313432016055
C1_00879.trc,3.3787386991473682
C1_00880.trc,3.6831241854953367
C1_00881.trc,3.4805991991629615
C1_00882.trc,3.4050510005212615
C1_00883.trc,3.4632570005301737
C1_00884.trc,3.3221273840702104
C1_00885.trc,3.4373433703892227
C1_00886.trc,3.363389856679266
C1_00887.trc,3.4323599799774964
C1_00888.trc,3.3885061443543445
C1_00889.trc,3.5437885895835954
C1_00890.trc,3.064785103208899
C1_00891.trc,3.3235227333854933
C1_00892.trc,3.591429801919655
C1_00893.trc,3.4823932197111844
C1_00894.trc,3.3787386991473696
C1_00895.trc,3.3520277265405447
C1_00896.trc,3.438539384088034
C1_00897.trc,3.606778644387762
C1_00898.trc,3.3863134525731886
C1_00899.trc,3.204718705970043
C1_00900.trc,3.2184728635064
C1_00901.trc,3.508306849852138
C1_00902.trc,3.4708317539559914
C1_00903.trc,3.3968782402460356
C1_00904.trc,3.4032569799730417
C1_00905.trc,3.5021274457415963
C1_00906.trc,3.4425260964174065
C1_00907.trc,3.497941397795755
C1_00908.trc,3.9685727882787645
C1_00909.trc,3.2952170758469164
C1_00910.trc,3.3452503155806017
C1_00911.trc,3.1794030826784994
C1_00912.trc,3.3303001443454323
C1_00913.trc,3.351429719691139
C1_00914.trc,3.495150699165192
C1_00915.trc,3.3751506580509254
C1_00916.trc,3.3540210827052324
C1_00917.trc,3.1136223292437704
C1_00918.trc,3.1504994182905115
C1_00919.trc,3.9211309115591706
C1_00920.trc,3.704652432073977
C1_00921.trc,3.232426356659219
C1_00922.trc,3.4379413772386265
C1_00923.trc,3.6002005690442918
C1_00924.trc,3.3578084594181385
C1_00925.trc,3.431761973128089
C1_00926.trc,3.2573433087178234
C1_00927.trc,3.4094363840835817
C1_00928.trc,3.5661141786281125
C1_00929.trc,3.4203998429893625
C1_00930.trc,3.358406466267547
C1_00931.trc,3.3564131101028574
C1_00932.trc,3.351828390924071
C1_00933.trc,3.2533565963884494
C1_00934.trc,3.3185393429737715
C1_00935.trc,3.4558815827208234
C1_00936.trc,3.4343533361421867
C1_00937.trc,3.4654496923113323
C1_00938.trc,3.419602500523487
C1_00939.trc,3.197343288160697
C1_00940.trc,3.390898171751969
C1_00941.trc,3.7245859937208605
C1_00942.trc,3.492958007384033
C1_00943.trc,3.5310311101295886
C1_00944.trc,3.2872436511881604
C1_00945.trc,3.4495028429938177
C1_00946.trc,3.416612466276457
C1_00947.trc,3.2704994594047756
C1_00948.trc,3.3627918498298595
C1_00949.trc,3.2966124251621958
C1_00950.trc,3.3671772333921712
C1_00951.trc,3.3211307059878616
C1_00952.trc,3.3000011306421646
C1_00953.trc,3.37694467859915
C1_00954.trc,3.1295691785612822
C1_00955.trc,3.4831905621770614
C1_00956.trc,3.3522270621570156
C1_00957.trc,3.4144197744952978
C1_00958.trc,3.2384064251532814
C1_00959.trc,3.846978062232749
C1_00960.trc,3.3207320347549296
C1_00961.trc,3.3992702676436624
C1_00962.trc,3.2876423224210987
C1_00963.trc,3.1734230141844333
C1_00964.trc,3.3980742539448485
C1_00965.trc,3.476213815600648
C1_00966.trc,3.656612548504982
C1_00967.trc,3.2718948087200554
C1_00968.trc,3.3394695827030043
C1_00969.trc,3.3621938429804556
C1_00970.trc,3.47242643888774
C1_00971.trc,3.221263562136961
C1_00972.trc,3.382725411476751
C1_00973.trc,3.416014459427049
C1_00974.trc,3.569303548491613
C1_00975.trc,3.4200011717564296
C1_00976.trc,3.2665127470753985
C1_00977.trc,3.300997808724513
C1_00978.trc,3.499934753960445
C1_00979.trc,3.5633234799975466
C1_00980.trc,3.410632397782392
C1_00981.trc,3.5563467334211385
C1_00982.trc,3.8140876855153865
C1_00983.trc,3.322725390919617
C1_00984.trc,2.980067466209626
C1_00985.trc,3.8396026444233984
C1_00986.trc,3.6496358019285706
C1_00987.trc,3.1407319730835415
C1_00988.trc,3.654818527956756
C1_00989.trc,3.597409870413721
C1_00990.trc,3.9368784252602116
C1_00991.trc,3.474220459435959
C1_00992.trc,3.2746855073506174
C1_00993.trc,3.503323459440412
C1_00994.trc,3.6121607060324177
C1_00995.trc,3.22724363063103
C1_00996.trc,3.277276870364715
C1_00997.trc,3.5501673293105993
C1_00998.trc,3.4503001854596915
C1_00999.trc,3.3598018155828275
C1_01000.trc,3.368971253940399
C1_01001.trc,3.6990710348128455
C1_01002.trc,3.394286877231945
C1_01003.trc,3.19315724021485
C1_01004.trc,3.541795233418907
C1_01005.trc,3.237808418303877
C1_01006.trc,3.3231240621525506
C1_01007.trc,3.7110311718009807
C1_01008.trc,3.5413965621859678
C1_01009.trc,3.575084281369205
C1_01010.trc,3.219668877205212
C1_01011.trc,3.775416575920426
C1_01012.trc,3.2537552676213877
C1_01013.trc,3.3603998224322384
C1_01014.trc,3.554154041639977
C1_01015.trc,3.744519555367746
C1_01016.trc,3.365781884076893
C1_01017.trc,3.4315626375116213
C1_01018.trc,3.927509651286175
C1_01019.trc,3.413622432029419
C1_01020.trc,3.7036557539916313
C1_01021.trc,3.961994712935284
C1_01022.trc,3.2910310279010675
C1_01023.trc,3.2252502744663336
C1_01024.trc,3.285050959406996
C1_01025.trc,3.64485174713331
C1_01026.trc,3.3149513018773322
C1_01027.trc,3.4813965416288397
C1_01028.trc,3.2272436306310275
C1_01029.trc,3.4405327402527197
C1_01030.trc,4.15794162392419
C1_01031.trc,3.2760808566659017
C1_01032.trc,3.456678925186699
C1_01033.trc,3.3747519868179925
C1_01034.trc,3.682725514262398
C1_01035.trc,3.1205990758201816
C1_01036.trc,3.573090925204518
C1_01037.trc,3.61395472658064
C1_01038.trc,3.48458591149234
C1_01039.trc,3.3940875416154777
C1_01040.trc,3.3061805347526962
C1_01041.trc,3.8417953362045574
C1_01042.trc,3.6603999252178854
C1_01043.trc,3.326911438865466
C1_01044.trc,3.5222603430049593
C1_01045.trc,3.201529336106544
C1_01046.trc,3.4514961991585107
C1_01047.trc,3.238207089536819
C1_01048.trc,3.3476423429782223
C1_01049.trc,3.4594696238172613
C1_01050.trc,3.289037671736378
C1_01051.trc,3.7540876649582544
C1_01052.trc,3.270698795021244
C1_01053.trc,3.515283596428549
C1_01054.trc,3.5292370895813665
C1_01055.trc,3.4953500347816577
C1_01056.trc,4.0540877677439076
C1_01057.trc,3.424187219702272
C1_01058.trc,3.2856489662564057
C1_01059.trc,3.1455160278787906
C1_01060.trc,3.753489658108851
C1_01061.trc,3.4156157881941103
C1_01062.trc,3.276080856665902
C1_01063.trc,3.613356719731234
C1_01064.trc,3.5802670073974
C1_01065.trc,3.609968014251259
C1_01066.trc,3.324320075851368
C1_01067.trc,4.013423301984261
C1_01068.trc,3.645051082749781
C1_01069.trc,3.2332236991250944
C1_01070.trc,3.613954726580637
C1_01071.trc,3.2908316922845997
C1_01072.trc,3.4403334046362497
C1_01073.trc,3.2718948087200563
C1_01074.trc,3.7265793498855477
C1_01075.trc,3.438938055320974
C1_01076.trc,3.542193904651845
C1_01077.trc,3.2990044525598248
C1_01078.trc,3.4203998429893625
C1_01079.trc,3.308771897766798
C1_01080.trc,3.8069116033225034
C1_01081.trc,3.4162137950435194
C1_01082.trc,3.2252502744663403
C1_01083.trc,3.122592431984874
C1_01084.trc,3.459270288200794
C1_01085.trc,3.5093035279344833
C1_01086.trc,3.4624596580642955
C1_01087.trc,3.176413048431471
C1_01088.trc,3.3719612881874284
C1_01089.trc,3.397874918328384
C1_01090.trc,3.419602500523487
C1_01091.trc,3.2948184046139732
C1_01092.trc,3.373755308735649
C1_01093.trc,3.42817393203165
C1_01094.trc,3.695283658099941
C1_01095.trc,3.130565856643626
C1_01096.trc,3.8021275485272534
C1_01097.trc,3.623522836171145
C1_01098.trc,3.4935560142334374
C1_01099.trc,3.2344197128239096
C1_01100.trc,3.226047616932216
C1_01101.trc,3.6073766512371677
C1_01102.trc,3.581861692329152
C1_01103.trc,3.192160562132506
C1_01104.trc,3.305981199136235
C1_01105.trc,3.2396024388520948
C1_01106.trc,3.7943534594849675
C1_01107.trc,3.3651838772274845
C1_01108.trc,3.4419280895680027
C1_01109.trc,3.4178084799752737
C1_01110.trc,3.412825089563551
C1_01111.trc,3.5212636649226106
C1_01112.trc,3.3203333635219923
C1_01113.trc,3.671961390973082
C1_01114.trc,3.652825171792067
C1_01115.trc,3.4337553292927776
C1_01116.trc,3.4198018361399654
C1_01117.trc,3.3916955142178455
C1_01118.trc,3.3855161101073117
C1_01119.trc,3.4999347539604386
C1_01120.trc,3.507708843002727
C1_01121.trc,3.5651175005457656
C1_01122.trc,3.785383356743873
C1_01123.trc,3.3159479799596774
C1_01124.trc,3.473223781353613
C1_01125.trc,3.4333566580598394
C1_01126.trc,3.4287719388810567
C1_01127.trc,3.571097569039835
C1_01128.trc,3.5140875827297338
C1_01129.trc,3.593223822467877
C1_01130.trc,3.3338881854418774
C1_01131.trc,3.7361474594760584
C1_01132.trc,3.349835034759382
C1_01133.trc,3.6171440964441413
C1_01134.trc,3.4487055005279443
C1_01135.trc,3.5812636854797426
C1_01136.trc,3.316545986809083
C1_01137.trc,3.255748623786071
C1_01138.trc,3.3147519662608644
C1_01139.trc,3.419004493674083
C1_01140.trc,3.383323418326151
C1_01141.trc,3.2077087402170825
C1_01142.trc,3.389104151203752
C1_01143.trc,3.4359480210739357
C1_01144.trc,3.400266945726008
C1_01145.trc,3.3444529731147266
C1_01146.trc,3.2986057813268843
C1_01147.trc,3.6374763293239685
C1_01148.trc,3.332891507359531
C1_01149.trc,3.303190500505668
C1_01150.trc,3.8334232403128645
C1_01151.trc,3.4102337265494533
C1_01152.trc,3.5370111786236516
C1_01153.trc,3.597011199180787
C1_01154.trc,3.3283067881807473
C1_01155.trc,3.434353336142187
C1_01156.trc,3.5352171580754366
C1_01157.trc,3.5870444183573413
C1_01158.trc,3.3711639457215554
C1_01159.trc,3.4686390621748293
C1_01160.trc,3.740134171805433
C1_01161.trc,3.3787386991473753
C1_01162.trc,3.585250397809123
C1_01163.trc,3.4156157881941143
C1_01164.trc,3.798340171814344
C1_01165.trc,3.531828452595463
C1_01166.trc,3.370964610105081
C1_01167.trc,3.451296863542039
C1_01168.trc,4.049503048565123
C1_01169.trc,3.714818548513888
C1_01170.trc,3.35960247996636
C1_01171.trc,3.48637993204056
C1_01172.trc,3.6893035896058715
C1_01173.trc,3.4279745964151824
C1_01174.trc,3.507310171769795
C1_01175.trc,3.539801877254219
C1_01176.trc,3.4925593361510923
C1_01177.trc,3.47940318546415
C1_01178.trc,3.599602562194882
C1_01179.trc,3.5900344526043746
C1_01180.trc,3.341462938867692
C1_01181.trc,3.3000011306421664
C1_01182.trc,3.3442536374982543
C1_01183.trc,3.641662377269811
C1_01184.trc,3.6572105553543803
C1_01185.trc,3.4379413772386274
C1_01186.trc,3.5101008704003576
C1_01187.trc,3.337077555305376
C1_01188.trc,3.435549349841002
C1_01189.trc,3.6813301649471155
C1_01190.trc,3.808306952637788
C1_01191.trc,3.472227103271272
C1_01192.trc,3.4937553498499114
C1_01193.trc,3.6974763498810947
C1_01194.trc,3.467443048476015
C1_01195.trc,3.2591373292660446
C1_01196.trc,3.4038549868224486
C1_01197.trc,3.2665127470753954
C1_01198.trc,3.204320034737108
C1_01199.trc,3.4648516854619222
C1_01200.trc,3.5800676717809283
C1_01201.trc,3.487974616972311
C1_01202.trc,3.3980742539448494
C1_01203.trc,3.4361473566904057
C1_01204.trc,4.041928295139304
C1_01205.trc,3.4116290758647314
C1_01206.trc,3.2579413155672308
C1_01207.trc,3.5451839388988793
C1_01208.trc,3.363987863528671
C1_01209.trc,3.0039877401858948
C1_01210.trc,3.1435226717141034
C1_01211.trc,3.165449589525675
C1_01212.trc,3.317941336124364
C1_01213.trc,3.584253719726779
C1_01214.trc,3.4375427060056847
C1_01215.trc,3.1684396237727137
C1_01216.trc,3.898007980048781
C1_01217.trc,3.545183938898875
C1_01218.trc,3.9241209458062043
C1_01219.trc,3.43794137723862
C1_01220.trc,3.2457818429626304
C1_01221.trc,3.6689713567260474
C1_01222.trc,3.274286836117685
C1_01223.trc,3.3043865142044804
C1_01224.trc,3.6928916307023134
C1_01225.trc,3.6279082197334613
C1_01226.trc,3.2469778566614504
C1_01227.trc,3.355615767636982
C1_01228.trc,3.7445195553677535
C1_01229.trc,3.3617951717475147
C1_01230.trc,3.5796690005479945
C1_01231.trc,3.665981322479015
C1_01232.trc,3.3901008292860935
C1_01233.trc,3.4534895553231957
C1_01234.trc,3.3281074525642778
C1_01235.trc,3.4546855690220073
C1_01236.trc,3.3873101306555315
C1_01237.trc,3.8110976512683474
C1_01238.trc,3.4943533566993166
C1_01239.trc,3.5033234594404146
C1_01240.trc,3.316745322425548
C1_01241.trc,3.765449795096981
C1_01242.trc,3.430366623812807
C1_01243.trc,3.208306747066483
C1_01244.trc,3.5701008909574883
C1_01245.trc,3.6338882882275243
C1_01246.trc,3.294818404613971
C1_01247.trc,3.8946192745688095
C1_01248.trc,3.347443007361753
C1_01249.trc,3.4754164731347705
C1_01250.trc,3.2238549251510573
C1_01251.trc,3.351828390924072
C1_01252.trc,3.1425259936317538
C1_01253.trc,3.429569281346934
C1_01254.trc,3.798738843047281
C1_01255.trc,3.285250295023469
C1_01256.trc,3.258539322416643
C1_01257.trc,3.7516956375606236
C1_01258.trc,3.299004452559825
C1_01259.trc,3.3370775553053775
C1_01260.trc,3.5198683156073294
C1_01261.trc,3.5308317745131204
C1_01262.trc,3.043854863479666
C1_01263.trc,3.3392702470865383
C1_01264.trc,3.831429884148178
C1_01265.trc,3.2208648909040223
C1_01266.trc,3.5322271238284033
C1_01267.trc,3.270100788171834
C1_01268.trc,3.5184729662920518
C1_01269.trc,3.3243200758513716
C1_01270.trc,3.5481739731459108
C1_01271.trc,3.31495130187733
C1_01272.trc,3.6815295005635846
C1_01273.trc,3.1764130484314665
C1_01274.trc,3.0727585278676557
C1_01275.trc,3.089702055267506
C1_01276.trc,3.76385511016523
C1_01277.trc,3.09966883609095
C1_01278.trc,3.2531572607719843
C1_01279.trc,3.110632294996739
C1_01280.trc,3.3324928361265913
C1_01281.trc,3.6520278293261907
C1_01282.trc,3.377742021065028
C1_01283.trc,3.4357486854574666
C1_01284.trc,3.247775199127325
C1_01285.trc,3.6049846238395373
C1_01286.trc,3.576280295068022
C1_01287.trc,3.4064463498365436
C1_01288.trc,3.954220623893004
C1_01289.trc,3.1833897950078844
C1_01290.trc,2.9392036648335136
C1_01291.trc,3.2597353361154524
C1_01292.trc,3.902194027994626
C1_01293.trc,3.5045194731392275
C1_01294.trc,2.9073099661984885
C1_01295.trc,3.8178750622282966
C1_01296.trc,3.4610643087490134
C1_01297.trc,3.2063133909017987
C1_01298.trc,3.662592616999044
C1_01299.trc,3.1554828087022315
C1_01300.trc,3.563323479997545
C1_01301.trc,3.144519349796438
C1_01302.trc,3.509104192318013
C1_01303.trc,3.692492959469373
C1_01304.trc,3.343655630648851
C1_01305.trc,2.987044212786036
C1_01306.trc,3.4768118224500566
C1_01307.trc,3.3073765484515163
C1_01308.trc,3.578074315616246
C1_01309.trc,3.429569281346933
C1_01310.trc,3.4156157881941125
C1_01311.trc,2.99103092511542
C1_01312.trc,3.417409808742332
C1_01313.trc,3.3362802128395006
C1_01314.trc,3.52704439780021
C1_01315.trc,3.302991164889196
C1_01316.trc,3.263124041595425
C1_01317.trc,3.100665514173294
C1_01318.trc,3.3075758840679828
C1_01319.trc,3.2254496100828067
C1_01320.trc,3.1945525895301317
C1_01321.trc,3.7989381786637506
C1_01322.trc,3.507509507386262
C1_01323.trc,3.543589253967127
C1_01324.trc,3.184984479939631
C1_01325.trc,3.4217951923046472
C1_01326.trc,3.1136223292437717
C1_01327.trc,3.7843866786615203
C1_01328.trc,3.398672260794258
C1_01329.trc,3.221064226520495
C1_01330.trc,3.6739547471377665
C1_01331.trc,3.2156821648758367
C1_01332.trc,3.3378748977712465
C1_01333.trc,3.616944760827674
C1_01334.trc,3.3067785416021067
C1_01335.trc,3.632891610145179
C1_01336.trc,3.59402116493375
C1_01337.trc,3.399270267643664
C1_01338.trc,3.9097687814204454
C1_01339.trc,3.2966124251621958
C1_01340.trc,3.306379870369172
C1_01341.trc,3.4365460279233444
C1_01342.trc,3.3627918498298603
C1_01343.trc,3.6139547265806384
C1_01344.trc,3.308572562150328
C1_01345.trc,3.5595361032846364
C1_01346.trc,3.0986721580086085
C1_01347.trc,3.4682403909418924
C1_01348.trc,3.2938217265316347
C1_01349.trc,3.137542603220033
C1_01350.trc,3.3342868566748125
C1_01351.trc,3.983323623897455
C1_01352.trc,3.58186169232915
C1_01353.trc,3.066977794990053
C1_01354.trc,2.994020959362445
C1_01355.trc,3.3346855279077445
C1_01356.trc,3.571296904656299
C1_01357.trc,3.375349993667397
C1_01358.trc,3.3474430073617616
C1_01359.trc,3.8162803772965423
C1_01360.trc,3.3757486649003354
C1_01361.trc,3.743522877285406
C1_01362.trc,3.919735562243884
C1_01363.trc,3.477210493682995
C1_01364.trc,3.6847188704270915
C1_01365.trc,3.5001340895769113
C1_01366.trc,3.8561475005903194
C1_01367.trc,3.3151506374938
C1_01368.trc,3.385117438874378
C1_01369.trc,3.3833234183261554
C1_01370.trc,3.3510310484581987
C1_01371.trc,3.547376630680035
C1_01372.trc,2.8714295552340934
C1_01373.trc,3.5378085210895325
C1_01374.trc,3.627509548500522
C1_01375.trc,3.818672404694169
C1_01376.trc,3.1475093840434765
C1_01377.trc,3.5338218087601567
C1_01378.trc,3.066778459373588
C1_01379.trc,3.240599116934443
C1_01380.trc,3.2651173977601147
C1_01381.trc,3.3255160895501787
C1_01382.trc,3.21787485665699
C1_01383.trc,3.5681075347928024
C1_01384.trc,3.8314298841481786
C1_01385.trc,3.370765274488617
C1_01386.trc,3.100665514173295
C1_01387.trc,3.386512788189657
C1_01388.trc,3.7383401512572116
C1_01389.trc,3.8501674320962533
C1_01390.trc,3.4140211032623613
C1_01391.trc,3.389104151203754
C1_01392.trc,3.0897020552675096
C1_01393.trc,3.7656491307134523
C1_01394.trc,3.5190709731414582
C1_01395.trc,3.7323600827631447
C1_01396.trc,3.27428683611768
C1_01397.trc,3.6494364663120997
C1_01398.trc,3.8812637882653993
C1_01399.trc,3.6749514252201108
C1_01400.trc,3.278672219679998
C1_01401.trc,3.3783400279144344
C1_01402.trc,3.453489555323195
C1_01403.trc,3.6685726854931087
C1_01404.trc,3.118605719655495
C1_01405.trc,3.568904877258671
C1_01406.trc,3.722592637556171
C1_01407.trc,3.1086389388320494
C1_01408.trc,3.355815103253449
C1_01409.trc,3.8451840416845267
C1_01410.trc,3.545383274515345
C1_01411.trc,3.4020609662742287
C1_01412.trc,3.2752835142000243
C1_01413.trc,3.236413068988595
C1_01414.trc,3.62451951425349
C1_01415.trc,3.356811781335791
C1_01416.trc,3.6621939457661044
C1_01417.trc,3.2679080963906793
C1_01418.trc,3.367575904625111
C1_01419.trc,3.747509589614787
C1_01420.trc,3.261728692280145
C1_01421.trc,3.147509384043481
C1_01422.trc,3.5505660005435384
C1_01423.trc,3.4800011923135536
C1_01424.trc,3.577276973150365
C1_01425.trc,3.3426589525665102
C1_01426.trc,3.2445858292638183
C1_01427.trc,3.7485062676971292
C1_01428.trc,3.240200445701502
C1_01429.trc,3.344452973114728
C1_01430.trc,3.4853832539582186
C1_01431.trc,3.7833900005791805
C1_01432.trc,3.477409829299461
C1_01433.trc,3.4323599799774946
C1_01434.trc,3.2597353361154555
C1_01435.trc,3.3699679320227403
C1_01436.trc,3.643855069050968
C1_01437.trc,3.3520277265405403
C1_01438.trc,3.102658870337984
C1_01439.trc,3.3815293977779324
C1_01440.trc,3.236014397755661
C1_01441.trc,3.1668449388409594
C1_01442.trc,3.2083067470664863
C1_01443.trc,3.4062470142200745
C1_01444.trc,3.348041014211166
C1_01445.trc,2.978074110044938
C1_01446.trc,4.318805466414569
C1_01447.trc,3.439536062170377
C1_01448.trc,3.8870445211429914
C1_01449.trc,3.3729579662697713
C1_01450.trc,3.529237089581369
C1_01451.trc,3.3761473361332732
C1_01452.trc,2.9880408908683793
C1_01453.trc,3.242592473099128
C1_01454.trc,3.626911541651117
C1_01455.trc,3.4221938635375846
C1_01456.trc,3.3893034868202205
C1_01457.trc,3.656811884121447
C1_01458.trc,3.3942868772319432
C1_01459.trc,3.2190708703558033
C1_01460.trc,3.754287000574723
C1_01461.trc,3.1504994182905106
C1_01462.trc,3.054818322385454
C1_01463.trc,3.2374097470709406
C1_01464.trc,3.8433900211363063
C1_01465.trc,3.2031240210382927
C1_01466.trc,3.5541540416399755
C1_01467.trc,3.2354163909062503
C1_01468.trc,3.3408649320182846
C1_01469.trc,3.2960144183127915
C1_01470.trc,3.3291041306466216
C1_01471.trc,3.301396479957447
C1_01472.trc,3.8621275690843824
C1_01473.trc,3.345648986813533
C1_01474.trc,3.608971336168917
C1_01475.trc,3.1821937813090635
C1_01476.trc,2.939203664833511
C1_01477.trc,2.98305750045666
C1_01478.trc,3.2140874799440797
C1_01479.trc,3.7608650759181965
C1_01480.trc,3.467642384092489
C1_01481.trc,3.531429781362525
C1_01482.trc,3.3402669251688764
C1_01483.trc,3.5433899183506603
C1_01484.trc,3.586446411507933
C1_01485.trc,3.5350178224589657
C1_01486.trc,4.4874433979472315
C1_01487.trc,3.383522753942624
C1_01488.trc,3.287044315571692
C1_01489.trc,3.1325592128083155
C1_01490.trc,3.8091042951036633
C1_01491.trc,3.4036556512059777
C1_01492.trc,3.2445858292638197
C1_01493.trc,3.186778500487847
C1_01494.trc,3.646047760832129
C1_01495.trc,3.529037753964898
C1_01496.trc,4.129037959536203
C1_01497.trc,3.450898192309098
C1_01498.trc,3.46684504162661
C1_01499.trc,3.348439685444106
C1_01500.trc,3.3837220895590914
C1_01501.trc,3.319137349823181
C1_01502.trc,3.1865791648713806
C1_01503.trc,3.3011971443409807
C1_01504.trc,3.322526055303148
C1_01505.trc,3.3625925142133912
C1_01506.trc,3.5756822882186152
C1_01507.trc,3.5479746375294434
C1_01508.trc,3.7471109183818427
C1_01509.trc,3.5704995621904203
C1_01510.trc,3.367575904625113
C1_01511.trc,3.0897020552675034
C1_01512.trc,3.761662418384071
C1_01513.trc,3.461462979981953
C1_01514.trc,3.519668979990863
C1_01515.trc,4.204187486944967
C1_01516.trc,3.5240543635531765
C1_01517.trc,3.1534894525375496
C1_01518.trc,3.6877089046741185
C1_01519.trc,3.475615808751243
C1_01520.trc,3.3891041512037514
C1_01521.trc,3.414021103262362
C1_01522.trc,3.6528251717920655
C1_01523.trc,3.2926257128328222
C1_01524.trc,3.63508430192634
C1_01525.trc,3.2362137333721326
C1_01526.trc,3.3422602813335667
C1_01527.trc,3.8780744184018916
C1_01528.trc,3.200333322407729
C1_01529.trc,3.2441871580308828
C1_01530.trc,3.4554829114878856
C1_01531.trc,3.904984726625194
C1_01532.trc,3.678539466316552
C1_01533.trc,3.6131573841147633
C1_01534.trc,3.2208648909040267
C1_01535.trc,3.0059810963505806
C1_01536.trc,3.149303404591702
C1_01537.trc,3.669370027958986
C1_01538.trc,3.493954685466379
C1_01539.trc,3.2860476374893457
C1_01540.trc,3.309369904616201
C1_01541.trc,3.519668979990859
C1_01542.trc,3.507509507386259
C1_01543.trc,3.401662295041293
C1_01544.trc,3.156479486784578
C1_01545.trc,3.2075094046006125
C1_01546.trc,3.604984623839538
C1_01547.trc,3.6897022608388075
C1_01548.trc,3.674951425220112
C1_01549.trc,3.3621938429804574
C1_01550.trc,3.3837220895590923
C1_01551.trc,3.4313633018951526
C1_01552.trc,3.612958048498294
C1_01553.trc,3.4319613087445573
C1_01554.trc,3.5142869183462038
C1_01555.trc,3.520466322456742
C1_01556.trc,3.8033235622260673
C1_01557.trc,3.0019943840212036
C1_01558.trc,3.1335558908906567
C1_01559.trc,3.6574098909708495
C1_01560.trc,3.307775219684453
C1_01561.trc,3.538805199171873
C1_01562.trc,3.1744196922667784
C1_01563.trc,3.268107432007148
C1_01564.trc,3.566114178628113
C1_01565.trc,3.474818466285365
C1_01566.trc,3.5786723224656454
C1_01567.trc,3.491163986835813
C1_01568.trc,3.3889048155872823
C1_01569.trc,3.441928089567998
C1_01570.trc,3.1905658772007595
C1_01571.trc,3.4427254320338787
C1_01572.trc,3.549967993694132
C1_01573.trc,3.48817395258878
C1_01574.trc,3.4018616306577574
C1_01575.trc,3.2778748772141206
C1_01576.trc,3.2170775141911125
C1_01577.trc,3.392891527916665
C1_01578.trc,3.175416370349121
C1_01579.trc,3.514486253962672
C1_01580.trc,3.107841596366174
C1_01581.trc,3.7520943087935654
C1_01582.trc,3.539203870404813
C1_01583.trc,3.2794695621458754
C1_01584.trc,3.1401339662341314
C1_01585.trc,3.1827917881584664
C1_01586.trc,2.929236884010061
C1_01587.trc,3.25036656214142
C1_01588.trc,3.5896357813714372
C1_01589.trc,3.4971440553298807
C1_01590.trc,3.347243671745284
C1_01591.trc,3.317742000507896
C1_01592.trc,4.15794162392419
C1_01593.trc,3.4576756032690446
C1_01594.trc,4.086778808844803
C1_01595.trc,3.474619130668896
C1_01596.trc,3.739336829339558
C1_01597.trc,3.349635699142914
C1_01598.trc,3.4819945484782457
C1_01599.trc,3.0817286306087492
C1_01600.trc,3.146512705961136
C1_01601.trc,3.7847853498944586
C1_01602.trc,3.1415293155494126
C1_01603.trc,3.7845860142779912
C1_01604.trc,3.442725432033879
C1_01605.trc,3.5647188293128287
C1_01606.trc,3.483788569026463
C1_01607.trc,3.354818425171108
C1_01608.trc,3.760067733452319
C1_01609.trc,3.2577419799507656
C1_01610.trc,4.020400048560669
C1_01611.trc,3.2760808566658994
C1_01612.trc,3.235017719673316
C1_01613.trc,3.2706987950212434
C1_01614.trc,3.2547519457037315
C1_01615.trc,3.3135559525620515
C1_01616.trc,3.749702281395941
C1_01617.trc,3.227044295014558
C1_01618.trc,3.7800012950992112
C1_01619.trc,3.2736888292682735
C1_01620.trc,3.2270442950145615
C1_01621.trc,3.2770775347482424
C1_01622.trc,3.185383151172564
C1_01623.trc,3.455482911487888
C1_01624.trc,3.4495028429938195
C1_01625.trc,3.6906989389211535
C1_01626.trc,3.5605327813669847
C1_01627.trc,3.0753498908817494
C1_01628.trc,3.6211308087735192
C1_01629.trc,3.420798514222303
C1_01630.trc,3.218074192273459
C1_01631.trc,3.2930243840657543
C1_01632.trc,3.5248517060190516
C1_01633.trc,3.4883732882052527
C1_01634.trc,3.2812635826940935
C1_01635.trc,3.1762137128149934
C1_01636.trc,3.4463134731303176
C1_01637.trc,3.1176090415731528
C1_01638.trc,3.561130788216387
C1_01639.trc,3.1564794867845816
C1_01640.trc,3.3173433292749577
C1_01641.trc,3.266712082691864
C1_01642.trc,3.616346753978272
C1_01643.trc,3.23242635665922
C1_01644.trc,3.598805219729008
C1_01645.trc,3.3035891717386074
C1_01646.trc,3.5372105142401256
C1_01647.trc,3.7813966444144906
C1_01648.trc,3.2073100689841434
C1_01649.trc,3.484785247108811
C1_01650.trc,3.4267785827163726
C1_01651.trc,3.131562534725969
C1_01652.trc,3.108638938832052
C1_01653.trc,3.37475198681799
C1_01654.trc,3.3069778772185794
C1_01655.trc,3.865117603331411
C1_01656.trc,3.684718870427089
C1_01657.trc,3.6424597197356885
C1_01658.trc,3.17780839774675
C1_01659.trc,3.4644530142289858
C1_01660.trc,3.5376091854730647
C1_01661.trc,3.328705459413685
C1_01662.trc,3.5557487265717276
C1_01663.trc,3.381728733394404
C1_01664.trc,3.382326740243813
C1_01665.trc,3.5190709731414564
C1_01666.trc,3.2792702265294063
C1_01667.trc,3.610964692333604
C1_01668.trc,3.3304994799619063
C1_01669.trc,3.6544198567238206
C1_01670.trc,3.901795356761688
C1_01671.trc,3.497343390946347
C1_01672.trc,3.3372768909218467
C1_01673.trc,3.4459148018973798
C1_01674.trc,3.2457818429626286
C1_01675.trc,3.32970213749603
C1_01676.trc,3.3769446785991524
C1_01677.trc,3.348240349827634
C1_01678.trc,3.4415294183350635
C1_01679.trc,3.7746192334545485
C1_01680.trc,3.3873101306555347
C1_01681.trc,3.3707652744886154
C1_01682.trc,3.471230425188926
C1_01683.trc,3.3079745553009223
C1_01684.trc,4.1011309732305605
C1_01685.trc,3.3625925142133912
C1_01686.trc,3.627509548500524
C1_01687.trc,3.5300344320472457
C1_01688.trc,3.0368781169032584
C1_01689.trc,3.4022603018906956
C1_01690.trc,3.2282403087133766
C1_01691.trc,3.5346191512260265
C1_01692.trc,3.5936224937008125
C1_01693.trc,3.639469685488657
C1_01694.trc,3.8784730896348343
C1_01695.trc,3.3721606238038984
C1_01696.trc,3.4676423840924873
C1_01697.trc,3.5164796101273605
C1_01698.trc,3.298605781326886
C1_01699.trc,3.7913634252379325
C1_01700.trc,3.7387388224901486
C1_01701.trc,3.7714298635910506
C1_01702.trc,3.46525035669486
C1_01703.trc,3.3402669251688804
C1_01704.trc,3.342060945717095
C1_01705.trc,4.408705829442029
C1_01706.trc,3.8535561375762186
C1_01707.trc,3.4144197744952995
C1_01708.trc,3.4722271032712655
C1_01709.trc,3.6281075553499313
C1_01710.trc,3.3366788840724406
C1_01711.trc,3.5960145210984416
C1_01712.trc,3.4471108155961923
C1_01713.trc,3.410433062165917
C1_01714.trc,3.810499644418944
C1_01715.trc,3.731363404680802
C1_01716.trc,4.097144260901185
C1_01717.trc,3.5035227950568846
C1_01718.trc,3.399668938876603
C1_01719.trc,3.7728252129063247
C1_01720.trc,3.52724373341668
C1_01721.trc,3.466446370393674
C1_01722.trc,3.272492815569463
C1_01723.trc,3.5101008704003567
C1_01724.trc,3.2836556100917167
C1_01725.trc,3.8844531581289
C1_01726.trc,3.276878199131776
C1_01727.trc,3.3037885073550735
C1_01728.trc,3.3029911648891987
C1_01729.trc,3.1225924319848692
C1_01730.trc,3.484585911492336
C1_01731.trc,3.3926921923001854
C1_01732.trc,3.395881562163695
C1_01733.trc,3.1554828087022364
C1_01734.trc,3.435150678608067
C1_01735.trc,3.419004493674082
C1_01736.trc,3.2328250278921584
C1_01737.trc,3.2459811785791013
C1_01738.trc,3.325914760783119
C1_01739.trc,3.5615294594493268
C1_01740.trc,3.4837885690264647
C1_01741.trc,3.408041034768293
C1_01742.trc,3.269104110089491
C1_01743.trc,3.425183897784617
C1_01744.trc,3.295815082696322
C1_01745.trc,3.231031007343938
C1_01746.trc,3.4281739320316493
C1_01747.trc,3.5230576854708344
C1_01748.trc,3.62412084302055
C1_01749.trc,3.474619130668899
C1_01750.trc,3.7740212266051403
C1_01751.trc,3.750300288245345
C1_01752.trc,3.3422602813335685
C1_01753.trc,3.309369904616202
C1_01754.trc,3.320931370371399
C1_01755.trc,3.714818548513888
C1_01756.trc,3.697476349881094
C1_01757.trc,3.4044529936718515
C1_01758.trc,3.275283514200028
C1_01759.trc,4.193622699272117
C1_01760.trc,3.36996793202274
C1_01761.trc,3.6306989183640237
C1_01762.trc,3.376147336133277
C1_01763.trc,3.4973433909463485
C1_01764.trc,3.328306788180747
C1_01765.trc,3.4383400484715616
C1_01766.trc,3.4176091443588015
C1_01767.trc,3.4004662813424824
C1_01768.trc,3.628306890966398
C1_01769.trc,3.789370069073248
C1_01770.trc,3.236612404605066
C1_01771.trc,3.8079082814048544
C1_01772.trc,3.313157281329108
C1_01773.trc,3.260732014197801
C1_01774.trc,3.3334895142089387
C1_01775.trc,3.1156156854084585
C1_01776.trc,3.500134089576915
C1_01777.trc,3.7106325005680425
C1_01778.trc,3.411429740248263
C1_01779.trc,4.09096485679065
C1_01780.trc,3.663589295081392
C1_01781.trc,3.6109646923336047
C1_01782.trc,3.4243865553187414
C1_01783.trc,3.5822603635620878
C1_01784.trc,3.220266884054621
C1_01785.trc,3.1556821443187033
C1_01786.trc,3.5340211443766236
C1_01787.trc,3.354021082705229
C1_01788.trc,3.5071108361533234
C1_01789.trc,3.4275759251822464
C1_01790.trc,3.614552733430047
C1_01791.trc,3.299801795025698
C1_01792.trc,3.5485726443788472
C1_01793.trc,3.696878343031689
C1_01794.trc,3.2778748772141206
C1_01795.trc,3.328506123797215
C1_01796.trc,3.8980079800487792
C1_01797.trc,3.279668897762342
C1_01798.trc,3.71581522659623
C1_01799.trc,3.623323500554676
C1_01800.trc,3.416413130659992
C1_01801.trc,3.645051082749781
C1_01802.trc,3.525250377251992
C1_01803.trc,3.546977959447098
C1_01804.trc,3.3482403498276296
C1_01805.trc,3.62033346630764
C1_01806.trc,3.6968783430316874
C1_01807.trc,3.3344861922912834
C1_01808.trc,3.289835014202257
C1_01809.trc,3.4993367471110366
C1_01810.trc,3.7146192128974236
C1_01811.trc,3.387110795039062
C1_01812.trc,3.6536225142579464
C1_01813.trc,3.6847188704270812
C1_01814.trc,3.1823931169255326
C1_01815.trc,3.6121607060324195
C1_01816.trc,3.2936223909151616
C1_01817.trc,3.3972769114789783
C1_01818.trc,3.3984729251777894
C1_01819.trc,3.6847188704270866
C1_01820.trc,3.396878240246041
C1_01821.trc,3.4156157881941125
C1_01822.trc,3.600001233427818
C1_01823.trc,3.2649180621436455
C1_01824.trc,3.4249845621681443
C1_01825.trc,4.073423322541387
C1_01826.trc,3.3259147607831197
C1_01827.trc,3.5559480621881976
C1_01828.trc,3.2310310073439394
C1_01829.trc,3.682725514262397
C1_01830.trc,3.65282517179207
C1_01831.trc,3.476014479984177
C1_01832.trc,3.3580077950346077
C1_01833.trc,3.337276890921845
C1_01834.trc,3.2623266991295488
C1_01835.trc,3.570300226573954
C1_01836.trc,3.397476247095443
C1_01837.trc,3.3916955142178464
C1_01838.trc,3.878074418401893
C1_01839.trc,3.3482403498276314
C1_01840.trc,3.8794697677171746
C1_01841.trc,3.4413300827185953
C1_01842.trc,3.4522935416243863
C1_01843.trc,3.5403998841036213
C1_01844.trc,3.3000011306421646
C1_01845.trc,3.188373185419602
C1_01846.trc,3.3442536374982557
C1_01847.trc,3.3697685964062716
C1_01848.trc,3.547974637529443
C1_01849.trc,3.6057819663054165
C1_01850.trc,3.1285725004789335
C1_01851.trc,3.495350034781658
C1_01852.trc,3.5673101923269224
C1_01853.trc,3.3705659388721463
C1_01854.trc,3.0737552059499995
C1_01855.trc,3.466047699160735
C1_01856.trc,3.5296357608143065
C1_01857.trc,3.5477753019129725
C1_01858.trc,3.346845000512352
C1_01859.trc,3.5962138567149093
C1_01860.trc,3.5427919115012516
C1_01861.trc,3.4361473566904053
C1_01862.trc,3.081728630608748
C1_01863.trc,3.2633233772118917
C1_01864.trc,4.016612671847758
C1_01865.trc,3.5398018772542192
C1_01866.trc,3.6785394663165545
C1_01867.trc,3.3757486649003368
C1_01868.trc,3.8272438362023298
C1_01869.trc,4.013423301984257
C1_01870.trc,3.2972104320116005
C1_01871.trc,3.4632570005301657
C1_01872.trc,3.662791952615512
C1_01873.trc,3.4257819046340257
C1_01874.trc,3.5256490484849277
C1_01875.trc,3.2936223909151607
C1_01876.trc,3.6269115416511135
C1_01877.trc,3.2519612470731705
C1_01878.trc,3.5613301238328545
C1_01879.trc,4.182858575982799
C1_01880.trc,3.382127404627342
C1_01881.trc,3.2531572607719825
C1_01882.trc,3.877077740319549
C1_01883.trc,3.5089048567015446
C1_01884.trc,3.290632356668126
C1_01885.trc,3.3934895347660685
C1_01886.trc,3.802924890993128
C1_01887.trc,3.2045193703535753
C1_01888.trc,3.1853831511725654
C1_01889.trc,3.2900343498187263
C1_01890.trc,3.083721986773443
C1_01891.trc,3.1989379730924483
C1_01892.trc,3.232227021042753
C1_01893.trc,3.332094164893655
C1_01894.trc,3.0468448977266966
C1_01895.trc,3.8116956581177583
C1_01896.trc,3.396479569013099
C1_01897.trc,3.565516171778703
C1_01898.trc,3.04385486347967
C1_01899.trc,3.2402004457015083
C1_01900.trc,3.427775260798711
C1_01901.trc,3.237808418303879
C1_01902.trc,3.65740989097086
C1_01903.trc,3.6093700074018535
C1_01904.trc,3.395482890930752
C1_01905.trc,3.46903773340777
C1_01906.trc,3.481795212861776
C1_01907.trc,3.4407320758691915
C1_01908.trc,3.746911582765377
C1_01909.trc,4.091762199256524
C1_01910.trc,3.4028583087401034
C1_01911.trc,3.6639879663143256
C1_01912.trc,3.3637885279122077
C1_01913.trc,3.441130747102126
C1_01914.trc,3.3922935210672494
C1_01915.trc,3.1548848018528286
C1_01916.trc,3.5200676512238047
C1_01917.trc,3.1819944456925926
C1_01918.trc,3.135549247055341
C1_01919.trc,3.3837220895590954
C1_01920.trc,3.4875759457393745
C1_01921.trc,3.312359938863236
C1_01922.trc,3.4632570005301737
C1_01923.trc,3.2766788635153072
C1_01924.trc,3.3444529731147252
C1_01925.trc,3.261529356663675
C1_01926.trc,3.567110856710452
C1_01927.trc,3.4144197744953027
C1_01928.trc,3.60976867863479
C1_01929.trc,3.2964130895457284
C1_01930.trc,3.50631349368745
C1_01931.trc,3.053821644303107
C1_01932.trc,3.292227041599882
C1_01933.trc,3.087708699102816
C1_01934.trc,3.006977774432925
C1_01935.trc,3.196346610078354
C1_01936.trc,4.060865178703848
C1_01937.trc,3.4999347539604457
C1_01938.trc,3.20272534980536
C1_01939.trc,3.5214630005390806
C1_01940.trc,3.243788486797945
C1_01941.trc,3.2956157470798493
C1_01942.trc,3.62232682247233
C1_01943.trc,2.910300000445525
C1_01944.trc,3.376944678599149
C1_01945.trc,2.9142867127748984
C1_01946.trc,3.4650510210783905
C1_01947.trc,3.1385392813023776
C1_01948.trc,3.4925593361510927
C1_01949.trc,3.1696356374715213
C1_01950.trc,3.362393178596921
C1_01951.trc,3.393090863533134
C1_01952.trc,3.305383192286826
C1_01953.trc,3.7614630827676043
C1_01954.trc,3.6498351375450357
C1_01955.trc,3.2651173977601173
C1_01956.trc,3.191562555283096
C1_01957.trc,3.185582486789035
C1_01958.trc,3.2489712128261323
C1_01959.trc,3.4441207813491648
C1_01960.trc,3.307177212835045
C1_01961.trc,3.1981406306265745
C1_01962.trc,3.5280410758825536
C1_01963.trc,3.1915625552831
C1_01964.trc,3.4090377128506404
C1_01965.trc,3.2421938018661933
C1_01966.trc,3.6312969252134284
C1_01967.trc,3.0598017127971717
C1_01968.trc,3.5990045553454726
C1_01969.trc,3.506114158070979
C1_01970.trc,3.1921605621325075
C1_01971.trc,3.3564131101028574
C1_01972.trc,3.0239213018327846
C1_01973.trc,3.4586722813513893
C1_01974.trc,3.185383151172565
C1_01975.trc,3.5061141580709796
C1_01976.trc,3.3448516443476604
C1_01977.trc,3.270100788171834
C1_01978.trc,3.823057788256487
C1_01979.trc,3.501928110125137
C1_01980.trc,3.337276890921841
C1_01981.trc,3.734552774544307
C1_01982.trc,3.185582486789034
C1_01983.trc,3.228240308713374
C1_01984.trc,3.368572582707457
C1_01985.trc,3.2413964594003186
C1_01986.trc,3.1241871169166213
C1_01987.trc,2.980067466209629
C1_01988.trc,3.6231241649382078
C1_01989.trc,3.490366644369937
C1_01990.trc,3.4295692813469336
C1_01991.trc,3.5776756443833038
C1_01992.trc,3.0747518840323433
C1_01993.trc,3.317941336124365
C1_01994.trc,3.5386058635554036
C1_01995.trc,3.2172768498075794
C1_01996.trc,3.4277752607987098
C1_01997.trc,3.4112304046317985
C1_01998.trc,3.366579226542769
C1_01999.trc,3.2930243840657543
